season,team,source,rating_date,raw_clubelo,rescaled,elo_rating
2017-2018,Brighton & Hove Albion,fallback_bottom3,,,,1393.7366419009877
2017-2018,Huddersfield,fallback_bottom3,,,,1393.7366419009877
2017-2018,Newcastle United,fallback_bottom3,,,,1393.7366419009877
2018-2019,Cardiff,fallback_bottom3,,,,1404.059862146757
2018-2019,Wolverhampton Wanderers,fallback_bottom3,,,,1404.059862146757
2018-2019,Fulham,fallback_bottom3,,,,1404.059862146757
2019-2020,Norwich City,fallback_bottom3,,,,1336.2880433452876
2019-2020,Aston Villa,fallback_bottom3,,,,1336.2880433452876
2019-2020,Sheffield United,fallback_bottom3,,,,1336.2880433452876
2020-2021,Leeds United,fallback_bottom3,,,,1355.9354954347941
2020-2021,West Bromwich Albion,fallback_bottom3,,,,1355.9354954347941
2020-2021,Fulham,fallback_bottom3,,,,1355.9354954347941
2021-2022,Norwich City,fallback_bottom3,,,,1343.212220383926
2021-2022,Brentford,fallback_bottom3,,,,1343.212220383926
2021-2022,Watford,fallback_bottom3,,,,1343.212220383926
2022-2023,Bournemouth,fallback_bottom3,,,,1333.2899641722508
2022-2023,Fulham,fallback_bottom3,,,,1333.2899641722508
2022-2023,Nottingham Forest,fallback_bottom3,,,,1333.2899641722508
2023-2024,Burnley,clubelo_chart,2023-05-08,1748.0431529624852,1434.970606522035,1434.970606522035
2023-2024,Sheffield United,clubelo_chart,2023-05-08,1695.9707489805035,1378.2481368644624,1378.2481368644624
2023-2024,Luton Town,clubelo_chart,2023-05-27,1627.4724244306094,1303.6329119322627,1303.6329119322627
2024-2025,Ipswich Town,clubelo_chart,2024-05-04,1679.2842356092956,1360.0715178492055,1360.0715178492055
2024-2025,Southampton,clubelo_chart,2024-05-26,1686.011478869221,1367.3995039322424,1367.3995039322424
2024-2025,Leicester City,clubelo_chart,2024-05-04,1746.6836483834077,1433.489698184046,1433.489698184046
2025-2026,Leeds United,clubelo_chart,2025-05-03,1721.1614102593242,1405.6883241954815,1405.6883241954815
2025-2026,Burnley,clubelo_chart,2025-05-03,1724.500825942168,1409.3259496988032,1409.3259496988032
2025-2026,Sunderland,clubelo_chart,2025-05-24,1580.0892021655857,1252.0183679189722,1252.0183679189722
