team,season,raw_clubelo,rescaled,delta
Arsenal,2016-2017,1500.0,1500.0,0.0
Aston Villa,2019-2020,1336.2880433452876,1336.2880433452876,0.0
Bournemouth,2016-2017,1500.0,1500.0,0.0
Brentford,2021-2022,1343.212220383926,1343.212220383926,0.0
Brighton & Hove Albion,2017-2018,1393.7366419009877,1393.7366419009877,0.0
Burnley,2016-2017,1500.0,1500.0,0.0
Cardiff,2018-2019,1404.059862146757,1404.059862146757,0.0
Chelsea,2016-2017,1500.0,1500.0,0.0
Crystal Palace,2016-2017,1500.0,1500.0,0.0
Everton,2016-2017,1500.0,1500.0,0.0
Fulham,2018-2019,1404.059862146757,1404.059862146757,0.0
Huddersfield,2017-2018,1393.7366419009877,1393.7366419009877,0.0
Hull,2016-2017,1500.0,1500.0,0.0
Ipswich Town,2024-2025,1679.2842356092956,1360.0715178492055,-319.2127177600901
Leeds United,2020-2021,1355.935495434794,1355.935495434794,0.0
Leicester City,2016-2017,1500.0,1500.0,0.0
Liverpool,2016-2017,1500.0,1500.0,0.0
Luton Town,2023-2024,1627.4724244306094,1303.6329119322627,-323.8395124983467
Manchester City,2016-2017,1500.0,1500.0,0.0
Manchester United,2016-2017,1500.0,1500.0,0.0
Middlesbrough,2016-2017,1500.0,1500.0,0.0
Newcastle United,2017-2018,1393.7366419009877,1393.7366419009877,0.0
Norwich City,2019-2020,1336.2880433452876,1336.2880433452876,0.0
Nottingham Forest,2022-2023,1333.2899641722508,1333.2899641722508,0.0
Sheffield United,2019-2020,1336.2880433452876,1336.2880433452876,0.0
Southampton,2016-2017,1500.0,1500.0,0.0
Stoke,2016-2017,1500.0,1500.0,0.0
Sunderland,2016-2017,1500.0,1500.0,0.0
Swansea,2016-2017,1500.0,1500.0,0.0
Tottenham Hotspur,2016-2017,1500.0,1500.0,0.0
Watford,2016-2017,1500.0,1500.0,0.0
West Bromwich Albion,2016-2017,1500.0,1500.0,0.0
West Ham United,2016-2017,1500.0,1500.0,0.0
Wolverhampton Wanderers,2018-2019,1404.059862146757,1404.059862146757,0.0
