team,elo_rating_before,elo_rank_before,as_of_before,elo_rating_after,elo_rank_after,as_of_after,delta
Arsenal,1794.778547828045,1,2026-05-24 16:00:00,1720.8212567225198,1,2026-05-24 16:00:00,-73.9572911055252
Manchester City,1775.4985478272692,2,2026-05-24 16:00:00,1701.7868212499006,2,2026-05-24 16:00:00,-73.71172657736861
Liverpool,1686.6176507908756,3,2026-05-24 16:00:00,1611.4602037553611,3,2026-05-24 16:00:00,-75.15744703551445
Manchester United,1680.348212596531,4,2026-05-24 16:00:00,1598.0106538151897,4,2026-05-24 16:00:00,-82.33755878134139
Aston Villa,1668.8629063962123,5,2026-05-24 16:00:00,1588.581539765704,5,2026-05-24 16:00:00,-80.28136663050827
Leeds United,1650.4685507269112,6,2026-05-24 16:00:00,1475.337314434197,15,2026-05-24 16:00:00,-175.13123629271422
Bournemouth,1642.7744291412428,7,2026-05-24 16:00:00,1560.6598246902631,6,2026-05-24 16:00:00,-82.11460445097964
Brighton & Hove Albion,1612.6426692375155,8,2026-05-24 16:00:00,1530.8117880813568,8,2026-05-24 16:00:00,-81.83088115615874
Chelsea,1611.5834630251122,9,2026-05-24 16:00:00,1531.588288846191,7,2026-05-24 16:00:00,-79.99517417892116
Sunderland,1608.039722267045,10,2026-05-24 16:00:00,1425.2371305703691,18,2026-05-24 16:00:00,-182.8025916966758
Brentford,1603.33170316692,11,2026-05-24 16:00:00,1520.3852524347644,9,2026-05-24 16:00:00,-82.94645073215565
Newcastle United,1596.9836870593665,12,2026-05-24 16:00:00,1515.8786500264953,10,2026-05-24 16:00:00,-81.10503703287122
Fulham,1581.6748884808092,13,2026-05-24 16:00:00,1499.0772181146651,11,2026-05-24 16:00:00,-82.59767036614403
Nottingham Forest,1573.2911906532247,14,2026-05-24 16:00:00,1492.168877520705,12,2026-05-24 16:00:00,-81.1223131325196
Everton,1571.3777030305482,15,2026-05-24 16:00:00,1490.1892382627457,13,2026-05-24 16:00:00,-81.18846476780254
Crystal Palace,1567.9672775184438,16,2026-05-24 16:00:00,1486.4852296821712,14,2026-05-24 16:00:00,-81.48204783627261
West Ham United,1531.4138519379424,17,2026-05-24 16:00:00,1448.7469538067023,16,2026-05-24 16:00:00,-82.66689813124003
Leicester City,1518.5890193931068,18,2026-05-24 16:00:00,1352.594585139074,25,2026-05-24 16:00:00,-165.99443425403274
Burnley,1518.033573956666,19,2026-05-24 16:00:00,1341.2893023818517,26,2026-05-24 16:00:00,-176.74427157481432
Tottenham Hotspur,1516.9154698485256,20,2026-05-24 16:00:00,1434.962635160584,17,2026-05-24 16:00:00,-81.95283468794173
Ipswich Town,1479.4708120167447,21,2026-05-24 16:00:00,1311.7633650279663,28,2026-05-24 16:00:00,-167.70744698877843
Luton Town,1453.9441808495271,22,2026-05-24 16:00:00,1298.4230717876237,29,2026-05-24 16:00:00,-155.52110906190342
Wolverhampton Wanderers,1446.873383496129,23,2026-05-24 16:00:00,1363.8629386740795,24,2026-05-24 16:00:00,-83.01044482204952
Southampton,1441.9519253405904,24,2026-05-24 16:00:00,1270.219265047304,34,2026-05-24 16:00:00,-171.73266029328647
Sheffield United,1437.2383645925302,25,2026-05-24 16:00:00,1283.831830553597,33,2026-05-24 16:00:00,-153.40653403893316
Hull,1418.3110967712382,26,2026-05-24 16:00:00,1418.3110967712382,19,2026-05-24 16:00:00,0.0
Stoke,1410.031911793925,27,2026-05-24 16:00:00,1410.031911793925,20,2026-05-24 16:00:00,0.0
Swansea,1397.6408292450262,28,2026-05-24 16:00:00,1397.6408292450262,21,2026-05-24 16:00:00,0.0
Middlesbrough,1393.4631015637624,29,2026-05-24 16:00:00,1393.4631015637624,22,2026-05-24 16:00:00,0.0
Cardiff,1376.5195577838838,30,2026-05-24 16:00:00,1376.5195577838838,23,2026-05-24 16:00:00,0.0
West Bromwich Albion,1335.816031335708,31,2026-05-24 16:00:00,1335.816031335708,27,2026-05-24 16:00:00,0.0
Norwich City,1298.1531359738624,32,2026-05-24 16:00:00,1298.1531359738624,30,2026-05-24 16:00:00,0.0
Watford,1289.5546795905673,33,2026-05-24 16:00:00,1289.5546795905673,31,2026-05-24 16:00:00,0.0
Huddersfield,1288.4286885882357,34,2026-05-24 16:00:00,1288.4286885882357,32,2026-05-24 16:00:00,0.0
