team,elo_rating,elo_rank,as_of
Arsenal,1720.8212567225198,1,2026-05-24 16:00:00
Manchester City,1701.7868212499006,2,2026-05-24 16:00:00
Liverpool,1611.4602037553611,3,2026-05-24 16:00:00
Manchester United,1598.0106538151897,4,2026-05-24 16:00:00
Aston Villa,1588.581539765704,5,2026-05-24 16:00:00
Bournemouth,1560.6598246902631,6,2026-05-24 16:00:00
Chelsea,1531.588288846191,7,2026-05-24 16:00:00
Brighton & Hove Albion,1530.8117880813568,8,2026-05-24 16:00:00
Brentford,1520.3852524347644,9,2026-05-24 16:00:00
Newcastle United,1515.8786500264953,10,2026-05-24 16:00:00
Fulham,1499.0772181146651,11,2026-05-24 16:00:00
Nottingham Forest,1492.168877520705,12,2026-05-24 16:00:00
Everton,1490.1892382627457,13,2026-05-24 16:00:00
Crystal Palace,1486.4852296821712,14,2026-05-24 16:00:00
Leeds United,1475.337314434197,15,2026-05-24 16:00:00
West Ham United,1448.7469538067025,16,2026-05-24 16:00:00
Tottenham Hotspur,1434.9626351605841,17,2026-05-24 16:00:00
Sunderland,1425.2371305703693,18,2026-05-24 16:00:00
Hull,1418.3110967712382,19,2026-05-24 16:00:00
Stoke,1410.031911793925,20,2026-05-24 16:00:00
Swansea,1397.6408292450262,21,2026-05-24 16:00:00
Middlesbrough,1393.4631015637624,22,2026-05-24 16:00:00
Cardiff,1376.5195577838838,23,2026-05-24 16:00:00
Wolverhampton Wanderers,1363.8629386740795,24,2026-05-24 16:00:00
Leicester City,1352.594585139074,25,2026-05-24 16:00:00
Burnley,1341.2893023818515,26,2026-05-24 16:00:00
West Bromwich Albion,1335.816031335708,27,2026-05-24 16:00:00
Ipswich Town,1311.7633650279663,28,2026-05-24 16:00:00
Luton Town,1298.4230717876237,29,2026-05-24 16:00:00
Norwich City,1298.1531359738624,30,2026-05-24 16:00:00
Watford,1289.5546795905673,31,2026-05-24 16:00:00
Huddersfield,1288.4286885882357,32,2026-05-24 16:00:00
Sheffield United,1283.831830553597,33,2026-05-24 16:00:00
Southampton,1270.219265047304,34,2026-05-24 16:00:00
